review,rating
"Beli starlight tp katane habis dikirim warna hitam
Harusnya barang barang NEW tapi garansi sudah di aktifkan tanggal 25 Mei seller sudah dichat via wa tp ga di bls..
saya cuma mau konfirmasi nya
padahal tanggal 9 juli
hadeh ga koperatif banget",1
"Dapat barang minus di layar, seperti ada kilatan saat awal buka kunci, pas pengajuan komplain seller malah bilang kalau barang sudah sampai, padahal komplain saya soal barang yg cacat.!!!",1
Kondisi segel nya udah kebuka gatau ini ori apa bukan yg jelas bkn new lg,1
"saya udh nunggu garansi IBOX 1bulanan, hpnya gak selesai2, masih ada keterangannya diservice,
.
kalo TOKO ini jualan produk yg baik gakan perlu di service2 segala
ini masalah PRODUK RUSAK PERLU DISERVICE DAN LAMAAAAA, BUKAN MASALAH IMEI !",1
"Saya beli barangnya hilang di pengiriman (Anteraja)
Status pengiriman tdk berjalan.
Setelah seminggu macet baru bisa ajukan komplain ke tokopedia untuk diperiksa.
untungnya uang kembali, hanya rugi di biaya asuransi yg gag kembali.
Uang 12 juta nyangkut hampir 2 minggu yg ujung2nya gag jadi terbeli hpnya.
Hindari pengiriman menggunakan Anteraja.",1
"Baru kali ini gw ngasih bintang 1 ke seller. Dan baru kali ini gw bener2 kecewa dengan SELLER.
Okay first of all ini kali PERTAMA dan TERAKHIR gw belanja di iSmile, dan gw kapok, sangat kapok. Barang yg gw dapet barang defect! Dan defectnya BANYAK! 1. Dent di deket lubang mic 2. Lecet titik di dekat tombol power 3. Baret rambut di layar deket kamera. Dan ok krn kesalahaan gw yg udah keburu aktivasi, dan g tau kalau nemu defect, jangan diaktivasi dulu. Gw dikasih kompensasi sebesar 200k. Oke gw terima. TAPI ternyata g itu aja DEFECT DEVICE INI, SEMINGGU KEMUDIAN GW NEMU DI LAYAR DEVICE INI ADA BLACK SPOT! Kok gw baru nyadar setelah seminggu pemakaian? Ya karna kelihatannya di warna abu-abu/gray, jd gw g notice. DAN PIHAK iSmile menawarkan GW UNTUK TRADE IN, DAN APA? Device CACAT INI MALAH DIHARGAI 3 JUTA! DENGAN ALESAN KONDISI DEVICE YG CACAT INI, PADAHAL INI DEVICE CACAT DARI SANANYA. ENTENG BANGET NGASIH HARGA SEGITU, dan BERALASAN SEPERTI ITU.
G lagi gw mau belanja disini 👎🏻",1
"Saya beli 2 unit langsung IP3 midnight dan starlight

Dan ini adl Experience pertama belanja di toko ini , dan saya merasa menyesal , bbrp hal yg menyebabkan saya kurang nyaman

1. Admin yg bales chat beda” orang

2. Di chat awal Toko ini mengatakan kita bisa Request mau iPhone yg kode ibox , gdn , atau bli” namun kalau ada ya stock nya , jd klo stock nya gak ada akan dikirim random

3. Toko ini menyediakan pengiriman “SAMEDAY” oleh sebab itu saya bayar Ongkir nya dgn harapan agar lgsung bisa dipakai namun ternyata barang tak kunjung tiba hingga pk 24.00 wib

4. Toko ini tergolong toko yg pelit , utk pembelian iphone sebanyak 2 unit tidak ada bonus apapun

5. Packing’ nya Sangat Pelit , hanya dilapisi Bubble Wrap , sedangkan toko” lain menambahkan kardus luar lagi utk memastikan isi di dalam tetap aman

6. Dan yg paling buat saya kecewa ,
Saya transaksi tanggal (3.3.25) di harga final 7.8 Juta

Bodohnya saya , padahal di iBOX Official Store brand new segel hanya di harga final Rp 7.3 Juta Brand New 😭 dan DIPASTIKAN Kalian dpt Kode PA/A alias Garansi Resmi TAM / IBOX

Semoga Pengalaman saya ini bisa membantu temen” sebelum memutuskan pembelian ,

Terima Kasih & Sehat sll 🙏🏻",1
"adminnya Ngga Jelas banget, ngga amanah barang ngga sampai",1
"sellernya ngga amanah, barang ngga sampai, di retur malah banyak alasan",1
"Pelayanannya kurang bagus disini, salah beli baru 5 menit di cancel aja ngga bisa, padahal status masih menunggu konfirmasi. mau di cancel malah dan udah di chat malah di ganti jadi dikirim. udah chat tapi pelayanannya kaya batu. mending ngga usah beli disini dari pada repot dan menyesal nantinya. harga tidak menghianati pelayanan dan barang.  awas nyesel, awas nyesel",1
"bad SELLER the most BAD
official store tp pelayanan nya BURUuK
mending cari official lain
dus jelek/kotor ga dicek lg
pas di komplen lama sampe capek bgt ketiknua",1
"tidak bisa di cancel
padahal hanya selang beberapa menit saja",1
"Salah pilih toko, tidak rekomended, udah mah harganya diatas harga retail, diproses packing seminggu, kalo emang barang kosong infoin aja gausah nyari stok dulu, tawarin opsi warna lain, jujur aja gausah pake alesan 12.12. Giliran kelar packing proses pickup kurir sampe 24 jam dibiarin doang ngga kelar, apa kek didrop di kurir kan bisa, dichat cuma diread doang. Sampe customer harus chat CS Tokped sendiri kocak. Heran, pengalaman terparah transaksi di tokped 👎🏼 Barangnya so far aman unit GDN 👍🏼",1
baru tahu kalau garansinya ga bisa di ibox dealer. baru beli seminggu baterry udah drop. waktu ditanyakan ke cs dilempar ke aftersales. after salesnya dihubungi ga dijawab2,1
beli hape hampir 9jt dipacking cuman KANTONG KRESEK ya cuman DISINI,1
"pesen yang ID/A malah dikirim SA/A


banyak alasan ,dan lepas tangan ,lebih ke toko menjual kalo barang sampe selebihnya tanggungan konsumen …….",1
proses pengiriman sangat lama dari sebelumnya,1
"Sudah d chat minta nota nya tidak dikirim, bilang mau d email tdk juga kebiasaan pedagang egois kalo uang sdh diterima pelayanan tdk lagi dipentingkan.",1
"penjual tidak kooperatif, memanfaatkan situasi dan ajimumpung, ga rekomen toko ini, menjijikan.

******** bikin orang susah blok!!!",1
"pengiriman 1 Minggu br sampai dgn alasan 12 12 ramai orderan.
di pancing order lg bs sampai 2 hari.",1
"kapok belanja disini. 
adminnya salah kirim warna
udah gitu ngotot lg jawabannya
mending beli di igoods aja adminnya ramah2",1
**** nysel blnjq dsni,1
tidak sesuai permintaan,1
Buruk.,1
"ditanya yg gdn ready ga, bilangnya ready, trs suruh tulis d note, udh d tulis tpi ttp aja yg di kirim lain, dptnya yg digimap, klo tau g ada grsnya konfirmasi dlu, tau gtu saya beli d toko lain",2
"Agak kecewa sih sama pelayanan nya, beberapa kali dichatt pun hanya diread doang ga direspon. Padahal saya butuh cepat, & request ubah pengiriman dengan biaya saya yg tanggung pun gabisa.",2
"awalnya disampaikan ada bonus, casing dan tamper glass. pas barangnya nyampe bonusnya ngga ada. pas ditanyakan order sy ngga dpt bonus...",2
"pelayanan kurang, ditanya untuk dikirimkan yg tahun 2023 tapi tg dikirim tahun 2021. Sudah mengikuti arahan penjual dengan menulis note, tapi tetap saja salah yg dikirimkan",2
"Saya belum menerima barang ini
Alamat saya di jl Anggrek vanda blok AG no 31 sektor 2.2 Anggrek Loka",2
tolong untuk packing pengiriman Lebih aman lagi karena setelah saya cek kemarin ada bagian Dus box yang peyok di ujung itu disebabkan oleh bubble wrap yang sangat tipis bisa dihitung paling cuma sekitar 4 lembar aja tidak ada kardus tambahan paling tidak jika tidak ada kardus gunakan bubble wrap yang tebal ini sangat beresiko.,3
"pengiriman oke walaupun lama pick upnya. masalahnya ada pada bagian kamera, kotor banget, udah dibersihin pakai kayu putih, tetep masih ada nyisa kotornya, kesel banget lah",3
Pesen kode sa a di kirim id a,3
"Saya MINTA yang garansi DARI GDN/BLi BLi, Malah dikirim yg DIGIMAP. Sedikit kecewa. PAdahal saya order yg ketiga X nya.",3
"Barang bagus. Kurirnya yang payah, kalau kurir seperti ini sebaiknya tidak usah digunakan.",3
"cukup kecewa karna minta kode PA/A tp dikasih SA/A. padahal yg lain bisa dapet PA/A di warna sama yg saya order. seharusnya sebelum dikirim bisa konfirmasi dulu ke buyer, jadi ada opsi pilih warna lain

semoga aftersalesnya sama sama bagus dan barangnya awet",3
"req produksi 2023 katanya di prioritaskan tapi ujung"" nya produk 2021",3
"Minta PA/A di kirim SA/A
Percuma reuest kode kalau di kirim asal2an
Mending beli di tempat lain lebih murah sama aja",3
"Barang Sesuai resmi original, kotak tersegel rapi bukan repack jadi pastinya barang mulus dan aman, dapet ID/A mantap lah. tapi sorry bintang 3 karena sempat kendala nyari driver dan bukannya ngasih solusi malah muter muter penjelasannya, setelah ngomel baru dibolehkan pickup sendiri karena sebelumnga gak dibolehin. tapi ttp rugi di ongkir jadinya",3
"Pesan tanggal 25 malem, sampai tanggal 27 sore, percuma bayar lebih mahal biar sampai lebih cepet, hasilnya pengiriman sama seperti reguler. Barang berfungsi dengan normal, sayang sekali harus dicoreng dengan pengalaman berbelanja yang buruk.",3
"Disarankan packing di tambah dus tambahan, karna utk pengiriman jauh ke Bali bikin dusnya penyok2. Utk harga beli disini terbilang murah banget, bonus TG dan case. 
Unitnya oke banget, cuma minta unit no model PA/A di kasih nya SA/A  beda :(",3
"Aku Pilih kurir toko supaya aman dan barang sampai dengan tepat dan semuanya sesuai ekspektasi barang sampai dengan selamat. namun packaging dari toko sangat tidak aman dan worth it untuk senilai hand phone di atas 10jt! karena hanya dipack dengan kantong kresek hitam, minimal pakai goodiebag karena value barang ini gak murah.

Untuk hpnya ori, greenpeel, dpt bonus softcase, dan tempered glass.",3
uda tanya garansi ****** bilang ready tapi yg dikirim garansi TAM,3
"mintanya garansi tam, sudah di info di pesan juga dikasihnya gsn",3
"barang bagus, tp masa belanja harga 12jtan pake kantong plastik item, minimal goodie bag laaaaahhh",3
minta PA/A di kasih SA/A tanpa konfirmasi,3
minta pa atau di yang dateng malah sa,3
Hmm,3
Request PA/A dikirim SA,3
"Barang ori segel green peal. 
Pengiriman juga cepat hanya 3 hari ke luar pulau. 
Hanya saja barang yang dikirimkan tidak sesuai dengan note yang diberikan, di note ditulis SA/A yang dikirim malah ID/A. 
Seller informati dan ramah.
Packaging aman karena bubblewarp yang diberikan sangat tebal.",4
"Alhamdulillah hp nya tiba dengan selamat, 
Namun agak kecewa dengan packingannya yg tipis, sampe box hp nya penyok sedikit dibagian atas kiri dan pengirimannya jugamolor 2 hari. 
Semoga hpnya berfungsi dengan baik kedepannya.",4
"barang masih disegel, sebagai pengguna pertama kali masih bingung ini gimana operasiinnya. free tg tapi gak ada softcase 😭. utk penggunaannya masih belajar. barangkali seller berkenan welcome mau mengajari..saya akan terbantu. semoga awet. terimakasih",4
Alhamdulillah mulus sinyal aktif. makasih,4
"barang Ok, ada kartu garansi mantapp. tapi PO seminggu lama bener",4
"Kwalitas packing agak2 lembut ya. Hp nya aman, dan memang original dikasih IDA/A sesuai request jg. Bagus sih. Cuma khawatir di packaging aja. Tks",4
Respon seller cepat. Pengiriman cepat cuma sayang aja di kasih kode yang ID/A padahal request kalo ga PA atau SA,4
Barang resmi dari ****** .. tapi harga masih terlalu mahal dibanding yang lain. dan pengiriman cukup lama,4
"Barang ori, tapi pengiriman lama, tidak dapat bonus sesuai dskripsi",4
"overall barangnya bagus dan asli. Dan plusnya dpt harga lebih murah dari ibox juga. Dikirimin bonus tempered glass yg tidak sesuai, sebenernya kalo bilang ""maaf"" dari awal gaada masalah, yg jd minusnya malah saya dilempar suruh lapor by Whatsapp yg sampai skrg gak dibls hahahaha, malah di phpin.

Next klo ada customer yg kendalanya sama kyk saya bilang aja maaf, toh ini cuma bonus, kita ga akan minta pergantian kak.",4
"iPhonenya bagus, tapi maaf dikasih bintang 4 karena agak kecewa kartu ucapan yg dipesan gak ada. Padahal ini hadiah buat istri.😟",4
"barang sampai dengan selamat, tanpa cacat original ibox terimakasih",4
"Barang oke,cuma dipengirimannya aja ngeselin",4
"Ada baret di ring kamera bawah, over all its okay sih",4
"saran aja packing di kasih dus biar aman, jangan bublewrap doang",4
"barang original tidak ada kendala
cuman kemaren problem di ekspedisi barang 3 hari stuck di jakarta dan packing kurang tebal sampai TG pecah & Dusbok hpnya pesok",4
"driver dari tokopedia sangat lambat tumben sekali untung penjual menyarankan untuk self pickup kalau tidak sangat sayang. overall barang bagus semoga awet.

trims",4
"beli pas harga flashsale. lumayan good deals.
cs responsif, beli pink dikasih blue tp konfirmask dulu, katanya stok habis. isoke.
pengiriman pickup langsung karena takut dibawa kabur ojol wkwk ternyata pas smp sana barangnya masih digudang huft akhirnya nunggu 1 jam 15 menit di tmpt pickup.

dicatatan sama dichat udh bilang minta kode PA/A tp yg dikirim SA/A huft semoga awet deh barangnya dan gampang klaim garansinya.",4
Di caption bisa request kode unit nya. Ternyata percuma request garansi ibox kode PA/A yang di kirim malah random.,4
Barang original sesuai iklan dan pesanan. Pengiriman lancar tanpa kendala.,4
mendarat dengan selamat meskipun pengiriman lama hampir seminggu... barang segel garansi iBox,4
"Barang sampai dengan aman, masih segel. sejauh ini tidak ada masalah semoga awet terus aamiin",4
entah apa itu dilingkaran kamera mngkin krn barang lama .. maaf kasih bintang 4 selebihnya sih ok blm cek detail,4
"Spill barang2 gemesh, follow tiktok @deaputriskandar😛",4
"Barang masih di greenpeel, keren bgt, pake instant dan cepet sampenya, thank you seller",4
"bintang 4 dulu, makasih udh dikasih yg versi GDN semoga GK ada green screen ya layarnya. cakep bgt sih buat kado cewek gw😭🫶. meskipun gw sendiri msh tim Samsung",4
"mantapppppppp.. oke, packing nya kurang rapi, dan tdk di bungkus kardus",4
"garansi resmi dapat yang SA/A. pesan instan kurir jam 15.45, baru terkirim keesokan harinya jam 12.30.",4
"Pesen siang tapi baru dikirim besoknya, pake kurir rekomendasi jadi tambah lama. Untungnya ada free tempered glass sama case jadi ga terlalu mengecewakan. Barangnya sendiri memuaskan, belum aktif, coverage full setahun ke depan. Bakal reorder lagi next time.",4
Barang yg dikirim kode SA/A. Hpnya pas dipake suka panas kenapa ya? Apa emang gini awal2,4
"barang sesuai deskripsi cuma kendala di pemgiriman , pake kurir rekomendasi sampai sampai 10 hari  (harusnya bisa 3hari) karena barang sempat jalan2 ke kota lain
admin cukup membatu dengan reaposip
semoga bisa diperbaiki untuk model pick up barangnya dari kurir , karena barang saya dipickup hari ke 2, terimakasih",4
"diperbaiki lagi utk bagian pengiriman, saya pesan pake gojek instan estimasi sampa jam 3 sore tapi jam 4 baru dikirim. but overall oke",4
"Saya beli dengan kurir instant,  tp ternyata harus nunggu barang restok jd baru bisa dikirim lusa. Di catalog free tg dan case, pas saya chat juga bilang akan dapet tp pas udah beli ternyata ga dikasih tbtb blg habis. 

Tp trusted barang sesuai dan garansi resmi. Admin jg fast respon. Ya kalau urgent butuh hp lebih baik tanya dulu barang nya ada apa gak",4
"barang oke, pengemasan rapih, tapi sayang pilih pengiriman sameday tapi datangnya 2 hari kemudian",4
"Sejauh ini oke, tapi admin bilang bisa request kode. Request yang PA/A atau FE/A, dikasihnya ID/A. Tulis di chat katanya kalo pada kosong, dikirim mana yang ada. Lhaa buat apa dibilang bisa request? Kocak
Selain itu semuanya aman, warna ijo nya chakep",4
"kata adminnya kode PA ready, tp yg dikirim kode SA.
agak kecewa dikit soalnya udah terlanjur chat admin sebelum order di bilang ready tp ternyata beda -_-
tp yasudah gapapa.
untuk pengiriman dan respon adminnya emang bagus.",4
"produk ok dan ori, sempat lama di pengiriman ke Depok sampai 5 hari baru sampai 🙏 sptnya kendala di pengiriman",4
"pengiriman cepat , garansi sesuai yg di request , semoga hp ny awet",4
"kecewa saja kode unit ga sesuai permintaan. mintanya PA/A, yg datang SA/A. 😞",4
Req PA/A karena urgensi malah dikasih SA/A hmm,4
"barang ok makasih yah ismile, sedih gadapet banus.tg sama case",4
"kendala di kurir ID Express aja lambat , gk recommended pake jasanya.",4
"Packing cuma bublle warp aja?, tp ya sudahlah.. Untung saya ansuransikan pengiriman. Terima kasih",4
"bagus, sesuai lah dan berfungsi dgn baik",4
"hadeuhh, hati hati aja",4
MasyaAllah tabarakallah semoga awet ❤️,4
udah req PA/A si tapi ya gitu la,4
good but ekspedisinya lumayan lama,4
Cuman kurang bonusnya aja 😁,4
Minta Tam dikirim GdN itu aja sih overal yg lain aman,4
Good qualityy,4
nice,4
Oke tp blm dipakai akan direview balik,4
sesuai,4
dikasih yg id/a bkn pa/a,4
ok,4
mantaappp...kurir nya aja yg lelet. barang josss,4
Packing kurang aman,4
plastik luarnya gak ada,4
mau yg ibox dptny gdn huhu,4
Mantapp,4
Ok,4
sip,4
minta black dikirim blue,4
pesan ibox dikirimnya gdn...,4
cukup bintang yg bicara,4
"Barang original, pengiriman cepat, harga bersahabat, dapat bonus case bening dan tempered glass, chat penjual fast respon",5
"pengemasan sangat rapi,produk ori garansi resmi,pengiriman cepat ,seller respon baik.",5
"Barang masih segel dan bergaransi resmi
Penjual ramah dan responsif",5
"pengiriman reguler seperti prediksi dan cepat
packing aman
kondisi setelah buka aman, warna sesuai
ada bonus chasing dan screen protector
kondisi on sinyal ada
terima kasih",5
Pengiriman cepat dan aman. Barang dikemas dengan baik dan tebal. Barang bisa berfungsi dengan baik. Admin juga cepat menjawab pertanyaan-pertanyaan di chat. Terima kasih.,5
"Resmi, Segel , Seller ramah, Garansi,Sameday sehari sampe",5
Paket aman sampai tujuan. Barang bagus original dan penjualnya fast respon 👍. recommended seller,5
"Barang original, bergaransi resmi, IMEI aman, dapat free asuransi fisik produk 1 tahun. Sudah dicoba dan semua fitur berfungsi dengan baik. Proses pengiriman agak lama (di seller), padahal yang saya pilih adalah next day.",5
"sempet ragu awalnya beli disini, tapi ternyata memuaskan banget, pengiriman juga cepet bgt, produk original, garansi resmi, pengiriman juga cepet!",5
"Sampai dg selamat sesuai estimasi waktu dan utuh,bubble wraps tebel bgt,barang sesuai pesanan (thanks admin). Barang original(greenpeel,imei terdaftar,garansi aple 1 th).",5
"Respon dan pengiriman super cepat,
penjualnya ramah, komunikatif.
barang sdh di terima dengan baik dan normal.
terimakasih seller 
terimakasih Tokopedia 
sukses selalu",5
Barangnya masih di segel. barang ori cepat nyampe ke NTT hanya 7 hari garansi resmi kode PA/A mantap tokonya.,5
Barang masih disegel waktu sampai & ada garansi resminya Berfungsi dengan baik! Kualitas barang original pasti top.,5
"Respon penjual baik dan peduli
Kualitas HP ori Apple iPhone
Pengiriman cepat
Dapat kartu garansi iBox
Rekomen toko",5
"makasih, pesanan iphone 13 saya sudah sampai dalam kondisi aman dan berfungsi dengan baik, packing aman menggunakan bubble wrap. semoga awet dan tahan lama..",5
"Pengemasan produk aman, barang ori dan segel.. hanya saja sudah request di notes minta kode PA/A tapi dikirimnya produk kode SA/A, its oke sih cuma harusnya lebih teliti lagi soalnya bilang produk PA/A ready tapi nyatanya ngga dikirim sesuai notes",5
"Barang masih segel dan ada garansi resminya, moga awet",5
"jujur aku jarang beli barang yang mahal dan ad ketakutan ketika beli tetapi setelah aku ngobrol sama admin nya ternyata di yakin dan ramah banget, alhamdulillah barang nya sampai dengan selamat meskipun saya tanyain terus ke admin nya soal pengiriman nya tapi admin nya tetap balas nya cepat dan ramah, thnks buat admin nya🙏😄",5
"Alhamdulillah sudah sampai,pengiriman nya cepet banget,new masih segel ,garansi aktif waktu pembelian..makasih admin",5
"Barang Original Bergaransi Resmi ,sesuai request dapat Kode unit PA/A ,untuk saat ini masih aman2 saja,semoga kedepannya tidak ada kendala,terima kasih ISMILE & Tokopedia,puas belanja di sini harga murah,pengiriman cepat dan aman.",5
Bubble wrap lumayan tebel dan pas terbuka... taraaaa... beneran asli original TAM. Gak usah ragu beli iPhone di Toko ini. Terima kasih seller dan Tokopedia.,5
"imei terdaftar, produk ori. sudah ke 3x blanja di store ini dan tidak pernah ragu”  soal keaslian produknya👍",5
"Ud pakai hari ke 3 so far baik aja. Barang ori, pengiriman cepat, admin responsif. Semoga awet ya..",5
"Warna dan memori sesuai, pengirimannya cukup cepat, kondisi mulus, garansi ibox. Thank you",5
"barang masih segel di jamin original sudah tiba dengan dan bisa di gunakan dengan baik tanpa kendala , Morowali 🙏
terimakasih ismile",5
"Barangnya tiba dengan baik.. belum test sinyal sih tapi semua tersegel rapi.
Packingnya juga aman. Berharap sinyal juga ok. Sayangnya memang ya gak ada kepala charger",5
"Produk ori, sesuai deskripsi, dan berfungsi dengan baik. Dapat bonus tempered glass dan anti crack. Harga lebih murah dari toko online dan offline lain. Pengemasan aman dan rapi karena bubblewrap nya tebal dan seller tidak mencantumkan nama produk yang dibeli jadi aman dari pencurian. Seller responsif dalam menjawab pertanyaan.

Pengiriman sangat cepat hanya 2 hari pakai ekspedisi JNE. Saran aja lebih baik bayar ongkir dan pilih kurir sendiri karena kurir rekomendasi (AnterAja) sering bermasalah dan lama sampainya dan ujung-ujungnya di oper juga ke JNE. Tapi tergantung daerah juga sih. Biar gak was-was aja apalagi barang elektronik.",5
"Barang sesuai yang di harapkan dan original berpungsi dengan baik, penhiriman juga cepat, mudah mudahan  gak ada kendala",5
"jujur aman banget, admin responsif dan ramah banget. aku request garansi gdn dan produksi terbaru, yaa dapet garansi Digimap tapi isokeeyy trus aku cek 3utools juga aman banget produksi 2024. terimakasih iSmile!",5
"barang masih di segel Alhamdulillah barang sampai dengan selamat, pengemasan sangat baik. baru di buka tapi belum di cek di 3tools mudah mudahan garansi resmi dari iBox mudah mudahan ngga green screen, terbaik deh. adminya juga ramah",5
"mantap. semua aman.saya minta kode PA tapi yang dikasih kode SA .. gpp lah yang penting masih kode resmi yang diakui pemerintah indonesia , yang penting bukan ex inter. . 

garansi tertera si foto yg saya upload. 1 Tahun.

segel aman. smua aman.",5
"bagus, ori , pengiriman cepat sampai dengan kondisi baik",5
"barang sesuai dengan deskripsi dan gambar, pengiriman sangat cepat dan aman bubble warpnya tebel banget. semoga awet dan sukses selalu tokonyaa",5
"makasih, alhamdulillah pesanan sudah diterima dg baik, masih tersegel, ada garansi resminya, pangiriman okey menggunakan bubble wrap berlapis²..semoga berkah, awet, dan bermanfaat..",5
"Review setelah 1 bulan pemakaiannya, yang pastinya ini adalah iPhone ori yang resmi dan pastinya sinyalnya aman. Untuk unit yang saya dapat dibeli pada tanggal 26 november dan saya aktifkan di tanggal 27. Dan ya garansinya aktif ketika pertama kali dinyalakan. Untuk kondisi jelas mulus dan pasti ada segel greenpeelnya, jadi jangan ragu ya gaes. Setelah 1 bulan battery health masih 100% (ini tergantung penggunaan dan jenis adaptor yang kalian pakai, usahakan pakai yang sudah MFI ya) 
Thanks buat miminnya yang sangat safety dalam packing barangnya, berikut ini adalah sampel foto & video selama saya pakai hp ini",5
"Barang original, garansi resmi, masih segel pas sampe, semuanya berfungsi dengan baik ✨ Adminnya ramah, responsif dan informatif kalo kita nanya2, fast response. Terbaikkk",5
"original ibox PA/A, adminnya ramah, sampai dengan selamat, bubble tebal, tanpa lecet sedikitpun, good joob semoga pemakaian aman🩷🩷🩷🩷",5
"barang masih tersegel, packing aman, barang tdk ada cacat",5
"Alhamdulillah akhirnya mendarat dengan aman sentosa,Fast respon, packing rapih Real pic recommended seller Barang original . Pertahankan.",5
"sesuai pesanan hanya saja dpt yg ID/A padahal pengennya yg SA/A tp bukan salah seller, krn lupa tulis di catatan
puas dgn produknya aman tidak ada kendala, pengiriman sampai sebelum estimasi, seller fast respon dan cs nya ramah² tiap kali di chat
trimakasih seller👍👍
trimakasih tokped👍👍",5
"semua berfungsi dengan baik, sinyal dan lain halnya. CS nya responsif dan gercep. untuk pengirimannya juga cepat dan packingnya super aman di balut dengan bubble wrap tebellll. imei aman dan resmi indo, warna ijo nya KEREN BEUTT!!",5
"knapa cepet panas ya, kalo dibanding samsung A31",5
"mantapp dapet harga murah disini cuman 7jtan aja, produk bagus ori masih tersegel dan bergaransi, cuman cukup disayangkan packingnya terkesan seadanya aja seharusnya bisa lebih baik lagi untuk packagingnya yaa, yaa meski begitu produk sampai dengan aman sih",5
"Alhamdulillah datang dengan kondisi sangat baik, admin sangat membantu, packingan baik, hp nya semoga berguna dengan baik",5
"Ori 100% mantap deh pokoknya🫶
Next harus beli lagi",5
"Ip13 128gb midnight yg paling ditunggu di promo 1212, barang bagus, segel, garansi resmi",5
"Barang masih segel dan bergaransi resmi
Recomended",5
"barang ori, garansi GDN oke gpplah walaupun udah minta PA/A",5
"Barang sampai dengan Aman, Packing sangat rapat. Pengiriman cepat. Handphone nya Original & ada kartu garansinya 👌 sudah dinyalakan dan berfungsi dengan baik",5
"pengriman cepat ID Express jakarta-jatim 2,5 hari, after sales ok cepat cuman terlalu banyak bot chat kata-kata terlalu baku, packing kurang safety kurang kuat hanya di balut bubble wrap saja tidak ada KARDUS BEKAS untuk tambahan POINT MINUS ➖ (AGAK PELIT KARDUS), sempet kecewa tapi tidak jadi soalnya tempered glassnya di taruh di belakang case supaya tidak pecah, karena biasa saya tau TG rawan pecah kalau ketekan. dapat iphone 13 series green ram/internal 4/128gb dengan kode region ID/A IMEI sinyal aman, oh ini made in china di buatnya di china kata after salesnya, dan menggunakan layar LCD Samsung/LG bukan BOE (beijing oreintasi electronic) hmm sekarang apa-apa china

allhamdulilah punya iphone semoga bisa menjadi berkah dan untuk ladang usaha aamiin ✌🏻",5
"CS fast respon dan ramah 
packingnya oke, berlapis lapis buble. 
sempat berkendala d pengiriman karena bang kurir bawa balik krn d tempat yg menerima gk ada. babang kurirnya baik, amanah. 

semoga Hp awet ya. sejauh ini tdk ada kendala khusus. terima kasih",5
"barang masih di segel, sampai tepat waktu dan tidak lama. untuk berfungsi dengan baiknya blm tau, karena baru unboxing",5
"MANTAP GANNN 
1000% ORIGINAL BRAND SELLER SUPER RAMMAH POLL PENGIRIMAN SBY CUMA 3HARI WES AMAN BUBBLE TEBEL GARANSI RESMI BISMILLAH BELI LAGI ENTAH KAPAN 😁😁",5
"barang masih segel, sejauh ini aman tapi belum di buka, semoga awet",5
"Original Ibox garansi resmi,  sudah di validasi dan verifikasi unit via 3utools semua normal dan hijau 100%, makasi kak sukses selalu usaha nya...",5
"Alhamdulillah pertama x beli HP online dan lgsg HP mahal pulak🙈 pengiriman lama banget pake kurir rekomendasi, dr tgl 29 September baru sampe hari ini tgl 7 Oktober😭 gmn gak deg²an😭 seller ramah fast respon cm proses pengirimannya aja lama, tp puasss banget karna barang original dan sesuai, udh gt free case + temperglass, cuma saran aja sih packingnya supaya lebih aman lagi yaa dikasih kardus atau kayu setelah buble warp . thx you ❣️",5
"Pesanan sesuai, admin fast respond, barang sampe dengan selamat, fitur aman, request kode unit PA/A juga diturutin. Makasih min",5
"Joss barang original,sangat sesuai dengan kriteria handphone",5
"Barang bagus, sesuai pesanan, pengiriman cepat, oke semua",5
"Sunggu luar biasa sekali.. admin dan pengirimannya sesuai waktunya.. packing nya aman banget.. 

Terimakasih..
Semoga langganan beli disini.. 

Makasih banyak..",5
"Finally punya juga, Minta garansi gdn eh dikasi nya ibox, not bad lah, pengiriman cepet",5
Mantab. Terimakasih banyak. Sesuai deskripsi. Pengiriman cepat. Fast response.,5
"proses cepat, packing aman, barang ok.
ga mengecekan dan sangat rekomen.
terima kasih ...",5
"Barangnya ori, sesuai permintaan, minta PA/A dikirim yg sesuai, semoga awet",5
"Barang original, sesuai deskripsi..
Bagusssss…",5
"Rekomendasi Banget! TOP BGT👍👍
adminn fast respon & pengiriman Kilat Banget(est 3-5 hari, pesan Hari besok nya udj datang), edukatif & sabar banget ke cust kayak aku baru perdana beralih ke iphone, jujur no tipu"".. Alhamdulillah di kasih kode SA/A",5
Kuliats mantap semuanya baru tidak ada lecet bahkan di boxnya warna sesuai yg dipesan,5
"makasih, pesanan iphone 13 saya sudah diterima dg baik, yg dibeliin suka, karena original..mau beli lagi yg biru, sudah order, tp infonya habis, akhirnya dicancel..tp sampai sekarang linknya masih aktif..gtw kenapa ya..",5
"seneng bgttt unitnya bagus bgt dan emg ori, greenpeelll, top markotop deh pokoknyaaa",5
Barang msh segel utuh dengan warna dan spesifikasi sesuai order. harga termurah pokok nya mantap drpd beli ex inter,5
"barang sudah sampai Peking rapi, barang original. semoga awat.",5
"seller gercep kurir juga. mantap pkoknya dpt diskon dri toped juga. sialnya baru beli besoknya mlh turun hrga, tp gpp lah bedanya gajauh",5
"barang udah sampai sesuai dgn pesanan. mantap, mulus, tjakeeeeppp, ori pula! makasih kaka2 adminn 🫶🏻",5
"Sesuai pesanan dan deskripsi, diterima dengan kondisi baik kualitas produk bagus, barang diterima masih segel dan garansi resmi, produk original berfungsi dengan baik , semoga awet, respon seller cepat, Terima kasih",5
"Barang berfungsi dengan normal dan original, imei aktif, penjualnya juga responsif, terimakasih🙏",5
"Keren banget Toko ini, enggak salah pilih. Pengiriman cepat. Barang Resmi Original. Plus dapat bonus case dan anti gores dalam paket pembelian",5
"original apple, packing aman, respon cepat. barang sesuai pesanan dan desripsi. terima kasih",5
"unit tiba ditujuan dengan selamat, mulus, segel , bergaransi resmi. pengiriman cepat, seller fast respon.",5
"pertama beli iphone e-commerce,  ori +greenfeel unit mulus warna dan kapasitas sesuai order dpt bonus juga, 
mau cek imei. app kemenperin perbaikan server",5
diterima dengan baik. packing ok  konfirmasinya juga oke  Terima kasih. foto realnya lupa. yg ada aja deh. tp overall oke bgt,5
"barang masih disegel, ada kartu garansi nya juga, pengiriman aman dan cepat",5
"Barang oke aman dan ter bubble dengan rapih tebal, dalam nya mulus tapi sayang ga da charger nya ga ada charger nya tidak ada charger nya…..",5
"barang masih disegel, garansi resmi, bagus.",5
"barang segel pengiriman cepat rapih bagus dapet promo potongan , sayang ga dapet promo case aja terima kasih seller",5
"the best seller,produk original Apple",5
"kualitas barang tidak perlu dipertanyakan, resmi dan semuanya berjalan dengan sangat baik!🤍 my very dream pink phone, thankyou ismile! dapet freebies casing dan antigoresnya jugaaa hehe",5
"garansi resmi, respon cepat, prosesnya jg cepat. mantap..",5
"Barang masih di segel
Barang Ori Indonesia",5
"Trusted Seller, Fast Response and also Fast Delivery. thank You",5
"terima kasih, pesanan iphone 13 warna hitam (128 gb) telah diterima dalam keadaan selamat dan utuh. semoga awet dan tahan lama..",5
"Hpnya original, pengemasan baik, pemakaian hari ke 5 semua sangat baik, harga juga lebih murah daripada tempat lain. Bener bener recommended untuk beli di sini.",5
"wow amazing 
barangnya masih segel dan ORI tapi yang kurangnya saya mintanya yang PA/A tapi datangnya SA/A tapi gapapa, Alhamdulillah barang aman 👍🏻",5
"Barangnya tiba sangat cepat,,, ori bagus dan paling lumayan tebal, garansi digimap,,, makasih saller cepat tanggap… Semoga awettt amin",5
"mantap udah pemakaian 4 bulan aman 😍, btw iphone yg di jual disini ori ya guyss, dan barang dikirim sesuai requestan",5
Tak kirimin hasil pemakaiannya aja. Resmi dptnya Digimap ID/A. Walaupun ngarepnya SA/A tapi gapapa yg penting resmi,5
"Pengiriman Selamat Sampai Tujuan 
garansi on 1 tahun stelah aktivasi icloud",5
"Seller Responsif, barang sampe dengan selamat, bubble wrap tebal. Harga Best Deal banget..",5
"masih Segel
packaging aman
followup jg okay",5
"Baring ori, original, admin ramah dan sangat membantu! Gausah ragu, asli bintang⭐️⭐️⭐️⭐️⭐️",5
"seller fast respon, packing aman, barang sesuai. pengiriman cukup cepat. semoga awet. terima kasih",5
sangat sangat rekomendasi untuk di veli fitur garansi dan semua nya,5
"Alhamdulillah Masyaallah Tabarakallah, Iphonenya sampai dengan selamat, sempet ragu beli online, tp Alhamdulillah seller amanah, kurir jg amanah, bubble wrap tebel bgt, jd hpnya aman pas sampe, ga ada yg penyok sedikit pun dus nya",5
Barang baguss pengiriman cepett. Ori juga kualitas amaan. Semoga awettt,5
"mantaps, sempat panik karna jam 8malam belum sampe² padahal sameday, trnyata jam 9baru Baru sampe barangnya,, sesuai reques minta garansi IBOX di kasih garansi ibox dan packing pun aman jaya... bismillah, semoga gak ada kendala dan awet.. terimakasih seller 🙏",5
"alhamdulillah pesanan saya sampai dengan selamat, awalnya deg degan beli online karena takut barang gak sesuai. cuma satu ajasih kurangnya penjualnya kurang fast respon dan pengiriman lama bangett. semoga kedepannya diperbaiki yaa. saya kasih bintang lima utk barangnyaa.",5
"seller responsive, packaging aman, pengiriman dan instruksi jg jelas.",5
"Barang New Original, pengiriman juga cepat sampai.",5
barang mantap sesuai pesanan dan mantap djiwa asik2 joss,5
"Barang sudah diterima dalam kondisi baik, masih segel dan sesuai variasi warna. Dapat iphone dari *******",5
"Barang masih di segel dan bergarasi resmi. 
di packing alhamdulillah aman. 
terima kasih",5
"product asli/original, sampai dengan selamat, walaupun salah alamat...akhirnya sampai juga",5
"Alhamdulillah akhirnya sampai juga. Pertama kali beli hp di tokped. Cepet banget pengirimannya. Pesen Jumat pagi, Sabtu siang sampai. Pengiriman aman, barang ori BNIB dengan kode sesuai yang diinginkan. Trusted banget MasyaAllah dan lebih murah dibanding toko lain. Terimakasih iSmile🥹",5
"mantap, pengiriman cepat dan packing tebel 👍",5
mantap👍🏼 barang Ori.. pengiriman nya juga cepat,5
"Setelah pencarian di bbrp e-commerce, keliling keliling cek semua seller dan riwayat penjualan serta testimoninya. Pilihan saya jatuh kepada toko ini. Sangat memuaskan. Barang sudah pasti original donk🤩 Sukses seller♥️🔥",5
"All is purrrfect, sayang banget gadapet case",5
"Barang aman, mendarat dengan selamat, dapet PA/a , karena emang requestnya pa/a , warna sesuai. Starlight. Keren pokoknya",5
sampai dengan selamat dan barang sempurna,5
"barang nya keadaan bagus aman buble nya tebel minta yg ibox di kirim nya yg ******* kirain ada gratis softcase wkwkk, sayang nya waktu pake kurir rekom dari tokped dpt nya sap expres agak ngecewain lama beut jadi harus di samperin ke gudang cabang kota nya jadi ngongkir lagi pake ojol pp yg harus nya grtis pengiriman",5
Barang ori ibox… harga lumayan pengiriman juga cepet… terimaksih yaa packingnya juga aman banget,5
Mantap sesuai pesanan dan greenpell masih pertama aktifasi mantap sukses gan,5
barang Original dan segel dijamin mantulllllllllllllll,5
terima kasih min awalnya aku pikir nipu tapi ternyata beneran original.. maaf min sudah suudzon😭😭😭doakan aku semoga kontrak kerjaku diperpanjang minimal sampe tahun depan biar bisa selesai bayar cicilan paylaternya😭🙏🏻aamiin ya rabbalaamiin,5
"Alhamdulillah barang nya bagus dapet unit, PA/A, semoga awet, terimakasih admin🙏🏼🙏🏼",5
"amanah,,, packing rapih,,,bagus sesuai deskripsi.....",5
bagus mulus pengiriman oke .. lumayan dapet diskon,5
"bagus, pengirimannya cepat juga, seharian mlm kirim jam 11 nyampe 
adikku suka",5
"pokoknya ga nyangka hari ini pesen besok siang langsung sampe. barangnya bagus, dan semoga awet.",5
"Terima kasih reseller, hp dalam keadaan optimal dan masih bergaransi, resmi indonesia, alhamdulillah bisa sedikit menyenangkan istri 🫶🏻",5
Mantul lah resmi sesuai dengan yang di inginkan semoga tokonya semakin sukses,5
"Reall, pengiriman agak khawatir kalau pake yang gratis ongkir lebih prefer pake yang next day atau instant aja. Admin nya sigap banget ngasih pemberitahuan dulu buat hati hati waspada penipuan via chat pokonyaa terima kasih admin",5
Barangnya bagus tapi kan apatuh dia puasa hari iya begitu aja bestiekuh,5
Mantab pengiriman juga cepat warnanya sesuai,5
Tidak ada kendala. Sejauh ini bagus.semoga tdk ada kendala kedepannya,5
"mantap barang sesuai pesanan, toppp, pengiriman cepat",5
Recommended. Top. terpercaya. Original.,5
"Tokonya fast reson dan sesuai request minta garansi GDN dikasih, makasih yaaa 🔥🔥🔥🔥🔥",5
"sudah aku terima barangnya kak, meskipun req PA/A ternyata yg dtg SA/A, karna stock juga sih mungkin yg available itu, tp, aaaaa seneng bgtttt",5
"iPhone datang dengan selamat, pengiriman cepat. terimakasih iSmile mantapp ✅✅✅🔥",5
barang diterima dengan baik...belum di unbox karna bukan saya punya.terima kasih,5
"Pengiriman cepat dengan pilihan kurir rekomendasi, aman sampai tujuan, baru pertama kali make ip, semoga sesuai ekspektasi. Makasih seller",5
"barang bagus sampe cepet, rekomended",5
"4 jam langsung sampai 🤩🥰🥰🥰🥰 
pakai kurir langsung dari toko jadi lebih aman daripada pakai kurir gojek  .
yang mau pesan pakai kurir toko aja lebih aman 100 persen",5
mantap semoga normal sampenya cepet ..,5
barang sesuai display Dan spek toko..,5
Terimakasih. Beli baranng disini dijamin keasliannya,5
"Barang original, sampai dengan tersegel dan tanpa cacat. Garansi juga masih aktif, pelayanan fast respon",5
Mantep banget barang ori seller fast respon dan saya ada komplen karena kesalahan saya tetap direspon dan diselesaikan dengan mantap,5
"Diterima dengan baik dan aman
Untuk keduakalinya beli disini. Selain produknya original, harganya juga kompetitif, proses pesanan hingga kirim juga sangat cepat. Terima kasih banyak seller",5
Barang ori bagus mulus msh segel warna sesuai pesanan berfungsi baik,5
original masih tersegel. garansi 1 tahun. fast respon penjualnya.,5
"Garansi Resmi, Aman, Masih segel, Adminnya juga Baik bngett",5
"Respon penjual ramah, pengiriman cepat, barang original garansi resmi indonesia, mantap selalu 👍",5
"asli keren barang cepet sampai
garansi resmi pula, admin juga gercep balesnya 👏",5
"barang segel garansi resmi, tanggal produksi 2 bulan yang lalu, plus gratis polis asuransi kerusakan 1 tahun., terimakasih",5
Iphone Original pengiriman cepat pelayanan baik dan ramah semoga kedepan semakin sukses buat seller dan Tokped semakin maju.,5
"Ori dan seseuai request kode unit
Admin juga fast respon banget
Pengiriman juga aman
Dipacking dengan rapi 
Awalnya rafu dari seller
Lihat komennya positif semua, akhirnya yakinin diri
Karna ada suvsidi dari tokopedia juga
Jadi memutuskan beli di toko ini
Senang berbenjal
Terimakasih",5
"Barang masih segel, paking rapi dengan bubble wrap yg cukup tebal dan ketika dibuka penutupnya langsung poweron.
Berfungsi baik, hanya saja sedikit panas ketika dicharge, memang seperti itu kayanya semua henpon sekarang",5
"Barang diterima sesuai deskripsi. Garansi verified. Soal IMEI, ga usah dipertanyakan lah ya. Situs pemerintah kan ga bisa diandalkan. Selama model number PA/A, terbukti beberapa tahun aman. Seller juga responsif. Cepet jawab klo ada yg ditanyakan.",5
original garansi resmi rekomen seller pengiriman cepat,5
"Mmantap Barang garansi resmi sangat puas dengan toko ini, sangat rekomen. keren sekali",5
"iphone nya , original garansi resmi, sinyal ,esim card semua ga ada kendala aman,semoga toko nya next repeat order baik hati kasih bonus😄🙏",5
Barang diterima dalam kondisi sangat baik. Kondisi barang benar-benar baru. Pengemasannya sangat rapi dan aman. Sudah dites dan berfungsi normal. Seller juga sangat responsif ketika dichat👍👍. Thanks iSmile!,5
"masih segel , garansi resmi indonesia , aman sentosa",5
"Pertama kali beli di sini, awalnya ragu tapi liat2 review dan juga official store. Adminnya fast respon banget, alhamdulillah dateng dengan aman, ga ada cacat. Pas dinyalain juga oke, IMEI aman tidak ada masalah. Garansi fisiknya gaada, tapi ada QR untuk klaim garansi 12 bulan ke depan. Makasih iSmile.",5
barang ori dan mash segel..garansi nasional sesuai diskripsi San berfungsi dgn baik thank seler amanah tetap pertahankan,5
sesuai harapan. sangat mulus. garansi resmi. belum dibuka sih dan belum di on kan. masih deg degan. maksih seller. moga lancar jaya. aman sentosa,5
"HP sampai dengan selamat, admin fast reapon, bisa dikirim di hari yang sama, besoknya suda sampai tujuan. barang original, bagus, tidak ada yang minus. Req garansi ibox PA/A dikasinya juga sama. suka banget dengan respon adminnya, cepat tanggap 🙏",5
"barang masih segel, pengiriman cepat, seller ramah. rekomendasi banget lah toko ini",5
"barang bagus original segel green peel, cuma kecewa kurir jne lama 2 hari barang gak gerak jadi saya jemput ke kantor. thanks tokoh yang fast respon sukses selalu",5
"Sehari sampe, barang baru, batre health full, IMEI terdaftar, garansi juga resmi. best dah pokoknya",5
"Sangat rekomendasi buat yg mau beli iphone garansi resmi, adminnya ramah juga terpercaya. Sukses terus sellernya 😍",5
"Admin komunikatif, Hp Original Apple Garansi Resmi, BNIB segel green peel, paket dikemas bubble warp extra tebal, warna sesuai pesanan, dapat seri D/A, over all Fungsi aman, sinyal aman",5
"Kualitas barang original, seller fast respon. Kurir nya juga cepat. Top lah bakal jadi langganan ini mah",5
"barang bagus sesuai pesanan, masih segel rapi , penjual ramah rekomen tokonya, saya sudah dua kali beli di toko ini",5
"Mantap, penjual sangat responsip. Barang cepat dikirim juga. Ip 13 original buat gantiin iphone lama. Cuma agak kurang puas ke pihak ekspedisi saja biasanya jkt ke sini 3 hari ini 5 hari. Tapi barang aman sentosa",5
"Barang sesuai pesanan, original
awalnya khawatir karena harga lebih murah dibanding ibox, digimap, dll tapi ternyata aman

mungkin karena ismile gak punya toko fisik jadi harga lebih murah kali ya",5
"Barang beneran original.
Pelayanan juga ramah.
Pengiriman cepat dan packaging aman, dibungkus tebal bgt.
Good.",5
"barang masih segel, aman, barang asli bergaransi resmi, spesifikasi sesuai, pengiriman juga ok. terima kasih",5
"Barang udah pasti masih segel alias new, pengiriman instan Good, admin responsif, pokoknya good lah semoga gak ada kendala buat kedepan nya sama hapenya",5
"barang masih segel, pengemasan rapih, proses cepat,barang ORI berfungsi dengan baik",5
"barang sesuai yg dibeli dan dibayar,terdaftar semoga awet dipegang terasa nyaman ngga berat banget dan ngga kebesaran jika disimpan ditas juga enak ngga menambah berat semoga berkah Aamiin",5
"sesuai pesanan PA/A, barang original, garansi resmi",5
barang masih segel ori garansi resmi. berfungsi dgn baik. sinyal aman imei aman. rekomendasi buat yg lagi cari iphone baru resmi harga murah seler terpercaya..,5
"barang masih segel, kondisi bagus, awalnua deg degan, tapi alhamdulilah sampai dengan selamat, pengiriman cepat",5
"barang masih segel, ori mantap, packing rapih, dapet diskon makasih seller",5
Barang ok alhamdulillah. Cuma dari segi packing nya kurang tebel buble wrap nya jadinya dus nya aga ada penyok dikit but its okay,5
"Pengiriman pake kurir rekomendasi tokopaedi kehitung lama sih, sudah request pick up dari tanggal 2 baru sampe Bandung tgl 5 (fyi pesennya tgl 1)

Packaging oke tapi dus-nya penyok :( , sama bonus tempered glass-nya pecah

Tapi overall aman sih hape-nya berfungsi dengan baik. Untuk garansi sampe 13 Desember 2024 gapapa lah beda selisih 20 harian dari pertama unboxing",5
"great, seller ramah, barang ori sesuai deskripsi",5
"barang mulus tidak ada lecet, dus tidak ada penyok, packing rapi aman & tebal",5
"udah coba sim by u juga lancar internetnya, true tone nyala, sound bagus, battre bagus, barang bagus cuma pengiriman aja sampah",5
cakep barang segel berfungsi dengan baik.kurirnya baik amanah sopan,5
"Barang orisinil, packaging sangat bagus, sesuai yang diinginkan, seller juga ramah dan cepat tanggap",5
Barang masih disegel waktu sampai & ada garansi resminya Berfungsi dengan baik! Kualitas barang original pasti top.🔥,5
"Barang masih disegel rapi. Pengiriman aman dengan bubble wrap dan lakban berlipat. Nama barang juga gak keliatan oleh kurir.

Langsung bisa digunakan, berjalan baik. Apple Warranty otomatis 1 tahun setelah aktifasi. Adminnya ramah dan ngasi tips buat menghindari penipuan selama pengiriman.

Original semua. Thankss!",5
"NEW dan ORIGINAL
sedikit takut beli online dengan harga jauh dari web ibox, tapi respon seller dan ulasan pembeli buat aku percaya ini toko amanah
alhamdulillah dapet harga 7,9",5
Mantap. Alhamdulillah barang sudah diterima dalam kondisi baik dan asli Ori. Buat pengirimannya juga mantap sesuai estimasi,5
"barang sampai dengan keadaan sangat safety, bubble wrap tebal. barang mulus. seller juga ramah dan informatif sekali. terima kasih atas diskonnya yaa",5
"barang sudah sampai, alhamdulillah berfungsi dengan baik tidak ada yg rusak ataupun retak, packingan sangat aman dan tebal, seller juga fast respon pokok nya mantep banget, terima kasih banyak",5
"pengiriman cepat, barang original, baru gress, apple ori, garansi resmi, penjual sgt responsive biar dihari minggu jg. terimakasih banyak.",5
"Barang original & resmi
Seller ramah
Pengiriman cepat
Packing aman & rapi",5
"seller responsif, produk sesuai dan berfungsi. mantap",5
"Iphone 13 Ori baru, dapet unit SA/A, packing safety , pengiriman cepat, alhamdulillah toko amanah, jangan ragu beli iphone disini 🫶🏻",5
"alhamdulillah barang sudah sampai dengan selamat, cs nya pun sangat ramah dan fast respon, unit yang pasti ori bergaransi resmi dan berfungsi dengan baik, mantap dan terimakasih seller 🙌",5
"Meski pengiriman agak lambat, barang tetap masih segel dan aman sampai tangan pembeli. Adminnya juga responsif kalo ditanyain. Sesuai dengan request (ID/A).  Semoga awet dan berkah ✨

Terimakasih seller, topp 👍🏻",5
"Barang sudah sampai. Baru dan Segel Greenpeel. Garansi TAM.
pokok berkali2 beli di ismile Official Store emang mantaap.",5
"Barang original pelayanan cepat & admin sangat fast response, nicee next time re order",5
"Jujur ini pertama kali beli hp iphone ibox di e-commerce. Males ke ibox langsung karna anak masih bayi blm bisa ditinggal lama kasian. Sempet ragu karna harganya dibawah pasaran tp beneran segel, green peel. Garansi ibox sampe September 2024. Pengiriman cepat, admin ramah bgt. Dapet anti gores sm clear case juga. Paket komplit sih udah harganya murah, original, oke bgt deh. Thanks seller. Nanti klo upgrade hp lagi mau order disini lagi. Puas bgt belanja disini!",5
"Produk sampai dengan cepat dan aman, barang ori garansi ibox dapat jg case dan anti gores",5
barang ori 100% mantul cepat sekali sampainya rekomendasi beli online,5
"Barang sudah tiba, dan device berfungsi dengan baik tanpa ada masalah. pelayanan admin nya cepat dan ramah",5
seller sangat mantap dan responsif. barangnya juga segel aman. terima kasih buat semua pihak terkait,5
"Unit Keren, Warnanya Bagus, Segel, dapet kode SA/A , tokonya keren, pelayanan ciamik,
kurir mengecewakan,",5
barang masih di segel. dan mulus. pengiriman cepat. respon penjual juga cepat.,5
"barang masih segel dapet yg new digimap dapet bonus clearcase juga,cuma selang sehari cek out harga miring banget huhu.. tau gtu nunggu promo lagi",5
barang di segel. packing rapih d tambhin bubble warp. resseller fast respon. pengriman cepat dan amanah,5
"alhamdulillah paketnya udh sampai😊 device aman, garansi resmi Indonesia, dapat kode SA/A. rekomend sih toko ini😊",5
"iPhone aman garansi resmi segel,
akun saya gak aman Krn beli hp terus,
heran sama tokped",5
"Lumayan pas dapat harga promo (12,1jt an), barang asli original resmi terdaftar dan green peel, packing juga rapi dan dapat bonus tempered glass sama casing softcase yang cukup tebal, recommended beli disini",5
"barang ori, packaging aman bagus, pengiriman cepet. mantap dah",5
"Packaging hanya dibungkus bubblewrap, kedepannya bisa ditambah kardus atau opsi kayu. Handphone original garansi aktif tanpa cacat. Penjual cukup informatif dan responsif dalam menjelaskan produk. Saran bagi yang akan membeli, jangan memilih menggunakan kurir rekomendasi meskipun gratis ongkir dikarenakan menggunakan jasa kirim iD Express yang lumayan lama. Lebih baik menambah ongkos kirim dengan pilihan kurir lain tetapi barang relatif lebih cepat sampai. Overall cukup memuaskan ditambah dengan promo diskon yang cukup besar sehingga jauh lebih murah jika dibandingkan dengan membeli di toko offline",5
"Barang sampai dengan cepat, pengemasan baik. Barang ori 100% mantap recommended",5
"barang cepat sampai, hp ori garansi resmi TAM",5
"barang masih di segel dan garansi resmi.
tapi sayang minta PA/A diksihnya SA/A. tpi its okay. thx seller",5
"Barangnya ori, masih segelan. adminnya membantu. kalo ada pertanyaan tanya aja, pasti dijawab dgn ramah. saran aja, kalo pesen sabtu jangan pake same day karena pake paxel, dan paxel minggu libur pengiriman. punyaku nyampe senin malem banget, kasian kurirnya untung packingnya aman banget meskipun ujan",5
"Respon seller ramah dan cepat, barang original dan masih segel, mantap. semoga awet buat jangka panjang hpnya",5
"Barang Ori, Segel, Garansi Resmi. Mantap, Recommended Seller, CS nya ramah, sabar, dan solutif. Sukses terus utk Seller nya dan Tokopedia",5
"packing aman, original, suka banget warnanya 😍😍 adminnya responsif",5
barang ori. sinyal aktif. pelayanan & pengiriman cepat. terimakasih 👍,5
"Barang sesuai display, asli ori dan bergaransi",5
Recommended sih... Produk original garansi resmi... Request yang PA/A dan bener di kirim sesuai permintaan... Next pasti langganan disini,5
"Packing aman pake wrapping tebel..produk ori, aman",5
"barang original, pengiriman cepat, berfungsi baik, terimakasih!",5
"tokonya baik, minggu dilayanin juga
lumayan bonus case ama anti gores",5
"Barang baru original, tapi klo di liat dari box ini batch 2021, klo di cek via 3uTools production date nya 2024 dan layar nya menggunakan LG semoga aman dari green screen, tidak ada kendala dengan unitnya, overall puas apalagi dengan perbedaan harga dibanding beli offline",5
"pertama kali beli iphone, lalu liat ulasannya bagus jadi percaya, alhamdulillah sellernya baik dan fast respon juga pengiriman juga aman, pemakaian sudah dua minggu lebih dan semuanya aman ga ada kendala 🤙🤙🤙",5
"garansi Resmi, produk aman dan seller terpercaya, gratisan casing & tenpered glass, request wrn pink tp habis, jadi ganti warna lain tp ga masalah kok seller komunikatif 🙏",5
"Bagus, bisa digunakan dengan baik. Kondisi dalam keadaan baik dan sempurna",5
"Mantap, seller responsif, barang tersegel dan aman",5
"Barang ori, packing aman banget jadi isinya juga aman, sudah dicoba dan bagus2 aja..",5
"Barang bagus, sesuai deskripsi. Original apple",5
Mantap iphone nya juga original garansi resmi indonesia digimap dan ibox,5
"Baguss
Seller nya ramah. Iphone nya ori.. semoga awet di aku.. 😍",5
"minta yg PA beneran dikasi seller responsif jangan ragu beli disini sehari langsung sampe mantap dpt free tg sm case lumayan, harga lumayan jauh sama di app sebelah",5
"Barang original geransi ibox, adminnya fast respon, barang masih tersegel rapih dan bakalan beli disini lagi sih",5
"rekomended banget, packing pakai bubble wrap tebal, bonus softcase n screen protector, garansi resmi, batery health 100% 👍👍",5
"baru kasih bintang setelah pemakaian 1 hari,sangat memuaskan ,garansi aktif pas baru dihidupkan hp nya mantap",5
"Mantab! Beli disini dapet diskon, jauh harganya dari ibox, tapi barang sama. Barang ori 100% mulus, service support apple sampe 2026!",5
"Alhamdulillah, recommend seller. admin nya fast respon. Barangnya juga ORI tidak ada masalah. Sukses selalu",5
"Alhamdulillah pesanan sudah datang, sudah dicek dan original garansi resmi",5
"Reques PA/A (Ibox), dapet SA/A (Bli Bli), yowis gapapa sama sama Resmi.
Garansi 1 Tahun.
Imei sama dengan di Box.
Recommended 👌",5
"100% original dan BNIB, segel green peel, dapet yang PA/A. Mantapp.",5
pengemasan dan pengiriman aman. req kode nya gak available. tapi gapapa. pemakaian 2 minggu masih aman gak ada masalah. semoga awet terus. tengkiuu seller,5
new segel garansi ibox pa/a sesuai req makasih min keren pol,5
"first iphone gue.barang ori sempet cari sana sini, akhirnya jodoh kesini, lebih murah",5
"Top, original iphone. Masih segel semua fungsi alhamdulillah normal. Semoga awettttt. Terima kasih seller",5
"mantap barang masih segel, original, mantap diskonnya thanks",5
"Sesuai harapan. 
Dan fast respond
Super recommend seler
Packing super aman walau pake gojek",5
"barang segel aman, ori semua. cust ku suka terimakasih",5
"Barangnya ori real bgt sigma, semoga awet. Cuma pengirimannya agak late cuma masi oke la.
ubur-ubur makan lele mantep le.",5
"Maaf baru kasih review, barang bagus original', packing rapi, respon baik n pengiriman juga cepat, terima kasih sukses selalu",5
"barang bagus, masih segel,garansi aman, sama sprti ibox,digimap dll semoga awet . pengiriman nya cepet banget",5
"barang bagus dan puasssssssssssaasss, mantapp",5
"Mantap, Resmi, Aktif, Mulus, Masih Segel 💥 dapat TG dan Case",5
"Seller responsif, barang ori kelengkapan lengkap semua, udah dipake beberapa hari masih aman semua gaada kurangnya, bonus case sama tg dikasih.
Tapi emang request PA/A yang dateng ID tp gapapa sih sama ajalah asal garansi resmi. Harga miring miring dikit",5
"Oke banget disini. Packing tebel, pengiriman juga cepet, pesen kemarin sampai hari ini. Garansi setahun, sinyal aman. Semoga awet 👍🏻",5
"Mantap ip 13-nya ori garansi resmi Indonesia, tapi yg Digimap. Barangnya juga langsung dianter ke rumah pakai kurir instan. Thanks gan, semoga sukses jualannya.",5
"Barang segel greenpeel, IMEI sesuai setelah dicek, garansi Ibox no kaleng2. HP nya sendiri so far sangat baik tidak ada kendala/ cacat tersembuni.
Semoga awet 👍👍",5
"barang ori masih di segel, sampai dengan selamat",5
"alhamdulillaah udh sampe. barang aman, masih segel green peel. respon seller baik, pengiriman lumayan cepat. pesan tgl 31 malam, tgl 2 siang nyampe. bismillaah semoga awet barangnya.",5
ini pertama kali beli di ismile. sumpah seneng bgt karna ekspetasiku ga turun sm sekali. dari awal respon admin udah bagus dan gercep bgt. pengiriman juga aman. isinya juga bagus sejauh ini. semoga makin laris deh! makasih yaa,5
alhamdulillah. awalnya sempat ragu. tapi beraniin diri dan yakin beli di sini karena tokonya memiliki ulasan yang baik. dan barang diterima dalam keadaan segel hijau dan garansi resmi.,5
Produk sesuai dan msh segel. Garansi br berjln stlh aktif. Proses toko gak pake lama. MANTUL,5
"Barang dinyatakan hilang, tapi respon penjual sangat baik dan bukan penual yang salah. POKOKNYA JANGAN PAKAI KURIR REKOMENDASI UNTUK BARANG SEMAHAL INI. 
Checkout barang tanggal 28 Feb, tgl 1 Mar pesanan dikirim. Kemudian status resi stuck, mau komplain harus nunggu waktu yg telah ditentukan dulu, udah komplain prosesnya lama banget dan susah buat hubungi CS. Uang saya ketahan selama 14 hari tanpa ada kompensasi apapun! Ini sangat merugikan customer, pokoknya jangan pakai kurir rekomendasi, karena sistem kurir rekomendasi lempar lemparan dari satu ekspedisi ke ekspedisi lainnya👎👎👎. Akhirnya saya beli di platform sebelah yang pasti pasti aja",5
"Barang ori, packaging aman, dan adminnya responsif bgt 🫶🏻",5
"Produk Ori, kondisi barang aman mulus, box masih tersegel, pengimannya juga cepet aman. packingnya rapih, bubble wrapnya tebel banget. harga juga oke lebih murah dibanding toko lain. thanks seller",5
"Barang sesuai spek, packing aman, pengiriman juga cepat. Dan yang paling penting aman & berfungsi dengan baik 👍👍",5
pengemasan cukup rapi dan aman...barang kondisi masih segel....kualitas tidak perlu diragukan 👍👍👍,5
"barang original, bagus dan resmi
dapet yg digimap sesuai request, terimakasih banyak🙏",5
"Respon seller cepat & informatif, packaging kokoh, box tersegel, garansi resmi. Very recommended.",5
"barang segel, packing rapih aman, seller fast respon, harga terbaik, sesuai dengan permintaan garansi GDN , pengiriman cepat, kurir ramah... tx seller tx kurir",5
"Barang 100% garansi resmi ibox, sudah terbukti, pengiriman cepat, respon toko cepat . pokoknya mantap 👍",5
request ibox malah dikasih digimap ya sudahlah. bonus soft case dan tempered glass,5
bagusss dan sesuai deskripsi kalo garansi jalan ketika HP baru dinyalakan. gokil sih😆,5
"Dapat barang original ibox, penjual sangat responsif, semoga awet.",5
"Pake sameday datangnya sehari walaupun beda pulau. Dapat barang yg GDN udah req yg PA/A, tp gak masalah barangnya tetap ori dan baru. Istri senangnya minta ampun. Semoga rejekiku dilancarkan karena sudah membahagiakan istri.",5
"box kotor. mgkin krn di simpan di gudang.
pertama kali beli HP online, awalnya agak takut, tp tryta aman. packing tebal
produk original.
dapat kode PA/A
Pengiriman cepat.",5
"original apple , dapat yang SA/A garansi GDN ..mantulll",5
"Pengiriman cepat, bubblewrap tebel aman, produk sesuai dan ori. Top 👍🏽",5
"RECOMMENDED 🤩🤩 Pengiriman Cepat JKT-BDG 12 Jam, Packaging Aman & Tebel Banget, Dapet Unit PA/A, Garansi 2025.

Admin Fast Respon !!",5
"bergaransi,fitur ok,sesuai spesifikasi,pengiriman cepat,asli original,mantap👍",5
"fast respond seller, barang ori, semoga awett. TOP 👍👍",5
"Alhamdulillah datang jg, makasih ya..
Garansi GDN 1Y start per-hari ini, lsg update 18.4, yang lain2 lsg dicek anak yang udah gk sabar nunggu dari kemarin, so far aman spertinya, thanks Bro 👍",5
"Mantap barang garansi resmi, cuma packingnya kurang tebal, tapi alhamdulillah aman jayaaaaaa",5
"barang sesuai masih segel
seler ramah dan amanah mantap👍👍👍",5
"Seller ramah dan informatif, hp guud, tapi sayang bgt² kurir nya nyebelin, baru manggil 2 - 3x karna ga kedengeran didalem rumah, eh barang main dilempar aja, padahal gerbang ga digembok",5
"Barang masih segel dan ada garansinya
Baru dateng banget tadi siang, baru di unboxing doang belum di apa2in, semoga aman dan awet.
Terimakasih",5
"dapat garansi gdn ,barangnya juga asli tapi sayang udah gak ada bonus tg dan casing
overall mantap sih",5
"seller fast respon, pengiriman cepat dan aman karena dicover asuransi juga biar lebih aman. semoga berfungsi & awet...",5
"barang original masih segel pas sampe, baguss tapi dapetnya yg SA/A. pengirimannya aja yg bermasalah, SAP EXPRESS emg ga rekomen si parah ga dikirim2 mana status nya udh delivered pdhl barang blm diterima, saran aja matiin fitur buat kirim pake SAPX. so far so good si, semoga awett. Aamiin",5
Sesuai request yg diminta. Pengiriman cepat. Admin responsif. InsyaAllah ori. Semoga awet. Terimakasih,5
"Admin responsif dan membantu, barang dikirim tepat waktu, super aman dan Puji Tuhan dapat unit sesuai yang dipesan (PA/A)

Produk ori ya, ini review setelah penggunaan 1 bulan, battery health masih 100%, tidak ada masalah apapun (penggunaan ga bar bar ya, walaupun buat kadang buat ngonten) 👍🏼

Silahkan yang cari produk apple, toko ini trusted",5
"Mantab semua, packing tebal jadi aman buat hpnya, segel masih utuh.",5
"Hp Original, respon toko cepat, dan pengiriman cepat",5
kualitas barang original. sepadan dengan harganya,5
"Chat cukup reponsif, akan tetapi waktu pengiriman molor. ketika di tanya dikirim kapan katanya jam 11. tapi jam 11 belum dikirim hingga baru dikirim sekitar jam 12.20/12.30 (cukup kecewa, ketika di tny sedang dikiirm dr warehouse ke pickup point).

point kedua yg bikin kecewa, sebenernya maunya biru dan dietalase masih ada dan berhasil di checkout. tapi malah dibilangnya yang ready cuman midnight. maaf bgt aku kecewa bgt tapi karna urgent dan udh ngebet bgt jadi gmn lg aku terima midnight nya...

tapi untuk barang di terima dengan baik, berfungsi dengan baik, sinyal juga aman, imei belum di check karna website sedang perbaikan.",5
"kedua kalinya beli barang disini. Fast respon, komunikatif, barangnya sesuai dengan yang dicantumkan. hp nya berfungsi dengan baik. recommended!!!!",5
"ke ujung timur Indonesia dengan aman, tersegel rapi, ori, keren lah 👌🏻",5
Barang bener2 ori dan ada haransi dan asuransi fisik. pengiriman juga cepat sekali,5
"Alhamdulillah udah sampai dengan selamat, adminnya ramah dan ngingetin suka ada modus tuker unit, alhamdulillah hp nya ori 100%",5
"mendarat dengan selamat, bagus, masih segel greenpeel, mantap seller",5
"Amanah. Barangnya terpercaya. Dapet ID/A . Seller respon cepet, sabar.",5
"sempat terkendala pengiriman (telat 2 hari), tapi kualitas servis oke (respon cukup memuaskan), dan kualitas barang oke (semoga awet), overall terpuaskan 👌🏻",5
barangnya bagus sesuai adminnya juga fast respon bangett jadi ga khawatir tapi lumayan yah pengirimannya agak lama,5
"adminnya ramah bgtt😭😭 terus greenpeel dan emg beneran barangnya ori oyy kodenya juga PA/A pokoknya aku mau ngeracun kalian yg mau beli bisa disini trusted bgtt amanah patonah pokoknya
sok belii disini gausa takut",5
trust it bgt alhamdulillah sampai dengan selamat seneng bgt,5
"barang masih segel dtg barang cepat 2,3hari admin nya baik selalu merespon dengan baik makasihh",5
Barang Ori. Produksi 2022. Aman dari isu green screen 😊,5
"barangnya tentu aman dan garansi resmi. Req kode PA/A dikirimnya SA/A but its ok. 
Pengemasannya tuwebel banget dijamin aman 👍🏻 
sempet ragu juga buat order via online, tapi tokonya amanah dan trusted. Adminnya juga ramah. Thankyou seller 🤩",5
"barang ori, cuman agak lama yah hari libur juga sih...overall puas sama barangnya",5
puas banget belanja di toko ini seller resmi ****** terus dapet proteksi kerusakan juga pengirimannya juga sangat cepat rekomen banget belanja di toko ini oh ya sellernya juga ramah banget,5
"barang bagus, seller ramah, pengiriman cepat",5
garansi resmi dan murceee dpt harga pas 7.7. barang bagus dan suka bangeeet. minta garansi ibox yg PA/A tp ternyata gak ready jd dikirim yg GDN. but ok. thank you!!!!,5
"Wahh mantapp siii, beli pengiriman instan cepet banget, gak ampe 2 jam,
Recomend sekali gan, Original iBox, Imei Indo, Garansi resmi iBox. 🤩🤩🤩",5
"bener² bagus barangnya original, pengiriman cepat, thanks seller",5
"Barang dateng dengan selamat dan mulus, sempet deg2 kan karena barang nya restock, tp seller nya cukup respon jadi tenang😁🥰",5
"Pengemasan rapih barang sampai dg aman packingnya tuebel bgt, sempet agak takut krn pertama kali beli hp online tp alhandulilah aman via kurir grab cpt malam ordes besok sampai. hp nya berfungsi dg baik dpt yg id/a tp okay lah terjamin utk seller nya fast resp syekalih jam brp pun chat di bls saat itu jg. semoga awet pertahankan ya seller thanku",5
"first use iphone, overall sangat suka. untuk layanan dari ismile juga keren banget, cukup sehari sudah sampai👍🏻🔥",5
"Barang dijamin ori, dapat garansi ****** GDN. Pengiriman aman pakai instant.

Btw saya juga pakai garansi Tokopedia, baik produk maupun pengiriman. 
Agar bisa klaim jika mengalami kendala.",5
"Barang berfungsi dengan baik, pengiriman cepat",5
"agak bermasalah sm ekpedisi yg rekomendasi dari tokpednya. alamat di lampung tak sampek ke jambi. alhasil semingguan lebih baru diterima. 
tp masyallah bgt admin tokonya ramah pol walaupun tiap hari bener2 chat admin tokonya, tp adminya tetep sabar 😭😭  Alhamdulillah barang sampai dgn aman dan gk ada kerusakan",5
"Packing aman, seller amanah, produk original Apple, sesuai request ID/A, warna midnight ga pernah ga keren, servis admin ramah swekaleee pelayanannnyaaa.. thankyou lahhh pkoknyaa!",5
"dapat barang ori pa/a👍💯, pengiriman cepat",5
"mantap barang sampai dengan selamat.
dapat garansi resmi ******* lumayan dapat free asuransi all risk 1 tahun",5
Original segel. Sat set langsung kirim. Mantap,5
"barang aman sampai kalsel ,lumayan lah 5 hari baru sampai, barang ori segel ... jangan ragu beli disini sangat recomended",5
"Barang Resmi dapet yang TAM. Admin sangat membantu sampai barang diterima. 
Terimakasih",5
"packing bagus, sampai dengan selamat.
masih segel dan original.
terima kasih untuk seller...",5
"Thank you seller, barang ori 1000000% kode sesuai, imei aman, garansi aman, thank you juga buat bonus tg sama casenya, admin responsif, cuma pengiriman jne lama bgttttttt. (Salah pilih kurir) Makasih banyak pokoknya!!!!!!!🫡 yg mau beli gass langsung, dijamin trusted.",5
"bagus, barang ori dapet yg SA/A, Semoga awet",5
"Diterima dengan baik dan aman, seller komunikatif dan responsif. produk original garansi resmi. dapat garansi ******* bisa claim garansi ganti unit baru periode setahun. mantap pokoknya. perdana pakai IOS semoga bisa segera beradaptasi. overall sih puas dapat harga terjangkau. terima kasih banyak seller!!!",5
"Barang masih disegel, pengirimannya jugaa cepat dan aman, adaa garansi resminya jugaa. bagusss pokoknyaa",5
"Respons cepat, barang sesuai, segel orignal apple Indonesia GDN, harga termurah.
Sudah dicoba 3 hari aman, semoga awet.

Trimakasih, sukses selalu ismile dan toped.",5
"Pengiriman super aman dan cepat, admin fast respon dan dapet garansi eraphone 😁🙏 Harganya lumayan jauh dari di offline store, kurangnya hanya ga bisa COD tapi dapat asuransi pengiriman. Bakal langganan dan bakal rekomendasiin ke temen dan keluargaa. Bestt!!!ya",5
barang original. sampai dengan aman. fast respond CSnya,5
Alhamdulillah. ..pengiriman cepat dan amanah .meski awalnya sedikit raguu,5
"Garansi mantap, fitur asli dan lengkap semuanya hpnya ori dan tdk ada kendala aman pokoknya, pengiriman cepat. Ada kartu garansi dan segel hijau serta segel layarnya semua aman suka banget beli disini sudah cari kemana2 dan akhirnya pilih toko ini luar biasa terpercaya dan adminnya fastrespon. Sdh cek fisik semuanya aman cek coverage aman BH 100% smoga awet hpnya hehe tpi ada satu kekurangan ga dapat bonus huhu padahal udah berharap dikasi sma adminnya mana minta PA/A tpi dikasi ID/A ga papa sama ajah cuma agak sedih mana ga ada cashback dll smoga nanti bonusnya nyusul krn di deskripsi ada bonusny🙏🥹 aintinya smua bagus penjlasannya jelas Terimakasih bnyak yah min 🙏",5
"seller amanah,wlpun pgiriman lbh 1 hari dr estimasi tdk mslh,,segel & resmi,sdh cek smua & berfungsi normal,semoga awet",5
"sesuai pesanan, tiba tepat waktu barang ori garansi ibox, senenggg cakep bgt bgt pokonyaaaa😍😍",5
"Mantap, seller komunikatif dan amanah,, the best",5
"Dapet batch okt 2021 (PA/A), seller responsif komunikatif, bahkan ngasih awareness saat pengiriman gojek instans",5
Barang masih segel dan pengiriman cepat. Kurir ramah,5
Seperti biasa puas belanja di toko ini adminnya ramah dan gercep. Ud 3x beli iPhone disini dan semuanya asli.dpt cashback juga,5
"Dapet garansi GDN mantap, barang ori semua berfungsi dengan baik.. Overall ok 
⭐️⭐️⭐️⭐️⭐️",5
"Berfungsi dengan baik, pengiriman cepat. 
cakeep",5
Alhamdulillah puas banget barang 100% original full segel 👍 rekomen banget buat yg ragu beli iphone original di ecommers di sini tempatnya.. bubble warpnya tebel banget dan rapi pengiriman cepat dan respon penjual yg ramah.✌️😁👍👍,5
"barang tersegel dan kemasan rapi. 
dikirimkan versi sa *******",5
"Barang bagus, sesuai pesanan, warna sesuai, penjual fast respon. mantap dan amanah",5
"semuanya bagus dengan pengiriman yang sangat cepat, dan cs yang sangat ramah",5
"barang original dan penjual ramah, next pasti beli disini lagi🥰",5
"Seller jujur dan terpercaya, semoga menjadi berkah dan semakin sukses. Barang Ori seauai janji. Sudah saya rekomendasikan ke Rekan lainnya",5
"barang bagus sesuai pesanan, asli original kak",5
"mantap , seller dan admin fastresp , pengiriman cepat dan aman.",5
"Mantap pengirimannya aman, adminnya ramah dan cepat tanggap👍👍",5
"Mantappp bos kuu
makasih bonus case dan tempered glass nya",5
"Barang Ori
pengiriman cepat
rekomen banget udah 3 kali beli disini",5
Barang masih disegel dan berkualitas baik,5
"barang bagus, semoga kualitasnya juga terjamin, pelayanan cepat 🎉",5
barang original.. pengiriman cepat.. seller baik... agak deg degan dikit pas pesen.. tp alhmdlh toko nya amanah... best pkonya,5
Barang Original (bukan inter) puas banget,5
"Asli ini mah real no fake fake, barang resmi (saya request region PA) dan hp lancar jayaa setelah di aktifkan sesuai deskripsi toko dan review2 pembeli lainnya kokk. Thanks seller maapkeun jika saya rada bawel yaa🙏🏻 semoga barang aman2 teruus kita coba pake dulu 7 hari sesuai garansi toko yaaaa👍🏻",5
"mantaf, garansi resmi tpi bukan pa/a kode ibox
tpi gatau kedepannya, ini garansi gdn ****** kode sa/a
semoga awet dan aman2 aja..",5
Barang sesuai pesanan. Sudah dipakai seminggu jalan aman,5
"Pembelian ke dua, untuk jatah karyawan berprestasi.  So far Imei dll aman.",5
"Barang bagus.. sesuai, pngiriman cepat dan admin responnya cepat.. makasih",5
"barang aman  👍👍
admin super ramah dan sangat membantu ❤️",5
"pengiriman cepat.
barang original
pokoknya rekomen",5
"Barang sampai dengan aman dan selamat. Harga paling waras untuk cari iphone 13, mantap",5
"Mantap …..
Auto repeat order..
Garansi aktif 1 th..",5
"Barang masih disegel dan aman. Imei, garansi, hp muluuus krn memang new jg sih. pkknya mantap, pesan malam lalu pagi sudah dikirim jam 11 kurang sudah sampai. Ga sampai satu jam👍🏻👌🏻",5
"barang Topp banget, garansi GDN sesuai request, keren banget dah ni seller, saya promosikan ke teman². Pengiriman Paxel juga keren banget sehari nyampe, pagi2 dah dianter, top.",5
Alhamdulillah tokonya amanah.. barang asli PA/A .. makasih semoga awet.,5
"Sesuai order, barang diterima dalam kondisi baik dan normal,,,moga tidak ada kendala.
Terimakasih🙏",5
Untuk sejauh ini baguss dan ori dapat kode PA,5
"barang oke, pelayanan oke, pengiriman aman sampai tujuan. mantab 👍",5
"Terimakasih, Produk Sangat rapih dan packing kayu walupun terpisah, tapi pengamanan tetap double packing",5
"tokonya udah official dan terjamin, gak perlu ragu lagi biar bintang dan ulasan yang berbicara.... sisanya semiga awet.. sukses terus gan",5
Penjual respon👍brg original PA/A.pokoknya joss,5
"good lah produk ori, sampai dengan aman dan selamat",5
"gilak, sempet deg2an karna belom pernah beli iphone secara online selain di digimap atau iBox. ternyata seller iSmile sangat sangat sangat rekomend dah.. dpt yg SA/A (GDN) gpp. dpt extra perlindungan dari GDN juga lebih puas, ga takut2 amat kalo amit2 jatuh pecah lcd atau backdoor glassnya. mantap bener. thanks seller iSmile 👍🏽👍🏽👍🏽",5
"Mantap jadi iphone pertama saya, moga awet ya ampe 10 tahun kedepan 😁💪",5
"barang masih di segel ketat, sesuai pesanan.
top markotop",5
mantap puas belanja dsini seller amanah sangat ramah dan komplit,5
"Garansi resmi 😎😎😎
Kerennn
Terpercaya",5
Barang sampai dengan baik. Dapat kode unit PA/A. Sudah ditest dan mulus. Semoga awet. Terima kasih seller. Sukses selalu,5
"Double kill !! 
Awalnya ragu karna blm pernah beli hp online tapi ternyata adminnya baik n sabar banget meskipun kita bawelin. Thanks iSmile barangnya dijamin original, bisa request ibox/gdn/digimap. Packingnya tebel, The bestt pokokeee⭐️⭐️⭐️⭐️⭐️⭐️",5
"jagooo barangnya dah dateng, masih baru dan berfungsi baik, makasii",5
"produk bagus semuanya aman toko trusted, cuma ekspedisi nya yg bkin kesel sicepat aduh khawatir barang mahal lama nyampe nya",5
"Thank youu barang belum dites, tapi masih tersegel dengan rapih. Kalau sudah dibuka akan ditambahkan lagi reviewnya. Karena buat kado jadi nunggu orangnya yang buka. Terimakasih",5
"Baru ngasih ulasan karena HP dicoba dulu dan sampai saat ini baik-baik saja..
Barang datang dalam keadaan di segel dan bergaransi resmi, admin gercep langsung dikirim.. 
Jangan ragu beli di Ismile",5
"kalau bisa nilai sampe bintang 10, bintang 10 untuk toko iniii. sempet khawatir karna liat ada komen udah req PA/A tapi yang dikirim tetep SA/A. ini aku req PA/A yang sampai juga Alhamdulillah PA/A, padahal aku lupa tulis note hanya req melalu chat tapi adminnya gercep bantu tulis note. terimakasih banyak untuk team ismile sukses selalu",5
"awalnya ragu sih buat co iphone selain di 3 reseller resmi, ternyata ini trusted bgtt, kebetulan aku dpt kode yg SA/A👍🏼👍🏼 packaging jg aman bgt walaupun gapake kayu tp bubble wrapnya superrr tebel dan jd gakeliatan barang mahal bisr terhindar dr kurir2 nakal",5
Respon adminnya cepet dan edukatif untuk yg kurang paham tentang iphone.,5
"mantap ,barang ori keren.... pengiriman sangat cepat...",5
sesuai deskripsi penjual pengiriman barang cepat kurir ramah,5
Barang original iBox dan pengiriman cepat,5
pesen GO-SEND cepat sampai tujuan &  barang masih segel original. terimakasih toko iSmile ✌🏻,5
"Barang nyampe berfungsi dengan baik, mantap",5
"barang sesuai,mantap
dapet kode ID/A
mudah2an awet gada masalah",5
Barang sampai tepat pada waktunya. Produk dan warna sesuai dengan deskripsi. Thanks seller. Thanks Tokopedia,5
Mantap pengiriman cepat cs nya juga responsive banget,5
"Barang sesuai pesanan, pengiriman cepat, aman menggunakan buble wrap.",5
pertama kali beli hp online tapi barang sesuai bergaransi resmi dan segel aman. minta iBox di kasih juga PA/A hihi semoga bisa awet hp aku iniiii gemas sekali pinknya,5
pengiriman aman dan cepat barang juga oke,5
"Packing aman pool
bubble nya tebel, ga ada keterangan nama produk di paket jadi lebih safety",5
"belum dibuka sih, karna rencana buat dijadikan hadiah hehehe, tapi salut sama packingnya yang cukup tebal menggunakan bubblewarp, sehingga keamanan barangnya terjamin, terima kasih..",5
"Jujur sudah cek semua, bagus semua, mantap, terima kasihh",5
Barang nya bagus. Semoga awet. Admin nya fast respond. Tp mintan kirim instant agak lama di pengirimannya aja.,5
"Tadinya takut mau beli, tapi mantep aja karna lihat review dan chat sellernya yg cepat jadi langsung CO. Ternyata barangnya worth it",5
"Barang bagus, pengiriman nya juga aman gais walaupun agak degdegan waktu belum nyampe wkwk, tapi amanah kok baguss🙌🏻💗🤩🤩",5
"respon seller mantab, minta sameday langsung cepat sampai, dan barang diterima dengan ok",5
"first time beli hp online, mantap ngga nipu heheh",5
"seneng banget akhirnya kebeli juga, menanti dari harga 11jutaan skrg dapet di harga 7,5juta. pas sahur lihat ada voucher tokped jadi 7,5jt lgsg gas cekout pake pengiriman instan, nyampe di hari yg sama, adminnya juga responnya ramah. seller memperhatikan request dr buyer, minta garansi yg GDN, dikasihnya sesuai. terimakasih ya kak, kapan2 aku beli iphone lagi disini",5
"good, pengiriman sesuai, barang bagus tidak ada kendala",5
segel greenpel semua. mantapp. pengiriman stuck di lokasi terakhir. tapi bisa diambil.,5
bagus sesuai harapan semoga awet gapapa walopun instan order jam 12 pickup jam 4 sore,5
"Barangnya produksi untuk asia bukan khusus Indonesia, kode asia. sampai saat ini oke",5
"mantap iphone 13 sudah mendarat, semoga awet dan bermanfaat.",5
Pengiriman sangat cepat dan barang sesuai pesanan. sudah kedua kalinya order dan selalu memuaskan,5
"Alhamdulillah, barang nyampe dg aman, pengiriman cepat via JNE regular checkout jum'at siang nyampe sabtu siang, dpt bonus free tg+clear case, maaf baru sempat ngasi ulasan, nyobain dlu seminggu pake, sampe skrg aman2 aja😁",5
"Barang sudah sampai, semua normal tidak ada kendala. saya req nya PA yg datang ID",5
"semoga awet hehe. admin seller nya cukup sabar melayani pertanyaan ***** saya hehe, makasih ya",5
"Barang original, next mau beli lagi disini",5
Barang ori.. Alhamdulillah aman sampai jepara cuma packingnya cuma pake bubble wrap doang.. Thanks ismile dan tokped dpt potongan 1.2jt 😍😍,5
"Pengiriman cepat , barang sesuai pesanan ,, semoga awet",5
"overall bagus, dapet ip 13 PA/A (ibox) warna midnight. terimakasih smile id",5
"Aman bgt harga lebih murah dari toko lain, pengiriman cepat. Respon admin mantab",5
barang sudah sampai original puas bgt belanja di sini sukses selalu buat agan,5
"cakeepp... tapi kyknya dpt batch 2021, semoga aman.

Tambahan, hati2 dengan oknum yang mengatasnamakan ismile yang akan mengambil kembali barang yang sdh dibeli. karena saya hampir kena, untungnya pihak admin ismile tokopedia sudah memperingatkan akan hal seperti ini. singkat cerita : order pengiriman pakai instan, 1-2 jam setelah sampai barangnya ternyata ada ojol yg di order oleh oknum yg mengatasnamakan ismile untuk mengambil paket yg telah dikirim sebelumnya. pihak ojol menelpon oknum, dan tlp tsb di berikan kesaya. saya infokan bahwa dari pihak admin ismile sdh memperingatkan akan hal ini. tlp lgsg dimatikan oleh oknum tersebut dan orderan ojol lgsg di cancel.

sekian terima kasih
semoga bisa membantu teman2 yang beli di ismile jg",5
Alhamdulillah dapat yg tahun produksi 2024 & lcd dari samsung. Semoga awet. Aamiin 🤲🏻,5
"Mantappp terimakasih yaaa, garansi Indonesia!!
harga lebih murah dari iBox dan digimap",5
"paket aman kirim ke Kalimantan bubble nya tebel banget, semoga gaada kendala",5
dapet pa/a seneng banget seller juga menjamin terimakasih ismille,5
"Pengemasannya aman banget, bubble wrapnya tebel banget. Gak nyesel beli disini 🥰 👍",5
Alhamdulillah barang udah diterima barang ori dan semoga hp nya sehat sehat aja ga gs🥺,5
"packingnya agak gemes, tapi syukurnya ekspedisi aman.",5
"pengiriman cepat banget, ga ada 4 jam
mantap dah pokoknya",5
"barang bagus, cuman lebih prepare ke ekspedisi aja sih",5
"mantappp sesuai request PA/A
Pengiriman cepat ke lambar cuma 2 hari.
admin responnya cepat.",5
"Thanks ya Kak 
Respon & Pengirim cepat & aman
Awesome seller 😇👍",5
"packingnya mantap berlapis"" bubble wrap sangat amann, barang berfungsi dg baik",5
"**** kerja peras kerimgat banting tulang buat beli mainan doang. no kids no wife. sepii amat hidup gw. gpp lah, itung2 memanjakan diri. taun depan beli iphone 15 pro max ahh.. doakan aku kawan2 toppers!!!",5
"Barang sudah kami terima packing sangat bagus dan aman dgn lapisan bublewrap maksimal, sangat direkomendasi",5
"Barang Aman
pemgirimanndibantu cpt instan hrs nyabsdh lewat Jam nya tp dibantunkrm.kurir pi kup di hari ni jg",5
recommended seller,5
"baru pesan tgl 9, tgl 10 siang udh nyampe, mantap sesuai pesanan.",5
"sudah pembelian ke 3 di toko ini,,,, seller amanah Garcep,,,, makasih",5
pemakaian udah 1/5 hari dan puas banget. bismillah gak ada kendala,5
"barang segel, garansi , barang ori, kelengkapan asli, respon seller juga cepet",5
"Pelayanan bagus, seler responsif menjawab pertanyaan. Produk ori dan pengiriman sangat aman, baru pertama kali beli iphone online. semoga barang awet dan original",5
Produk original dengan garansi resmi. featurenya berfungsi dengam baik. seller komunikatif dan pengiriman super cepat. recommended,5
"Barang original, segel, dan garansi indo. Pelayanan seller top banget…informatif dan jelas,",5
"Alhamdulillah sampai dgn selamat dan mulus. Sesuai request jg warna, kode dll. good servicenya",5
"Barang original, garansi TAM, customer service mantap jam 11 malam tetap balas chat",5
"Customer Service responsif menjawab semua pertanyaan dengan baik, produk yang diterima sesuai dengan yang disampaikan. barang garansi resmi, Imei tembus. pengiriman cepat dan packing aman sekali.",5
"Iphone 13 ORIGINAL, fast respond and fast delivery, seller mantap. Semoga awet dipakai. Terima kasih",5
"barang ori, packaging oke,garansi resmi, pengiriman ontime",5
"seller ramah dan responsif, masih segel satisfying banget pas bukanya
semoga awet untuk hadiah adik",5
barang original dan garansi resmi. pengiriman cepat dan admin fast respon.,5
"barang ori garansi resmi admin responsif 
toko terbaik",5
"barang masih disegel dan ada garansi, tidak ada kerusakan. admin fast respon dan tanggap",5
"Barang original, dan pengiriman cukup cepat, garansi juga original",5
"kualitas terbaik, garansi utuh masih segel. the best ismile",5
barang masih segel pengiriman juga cepat ada garansi resminya semua berfungsi dengan baik thank,5
"Alhamdulillah mendarat dengan selamat, sudah 2x beli disini trusted bgt, admin nya juga fast respond. Terbaekk pokoknya",5
"barang masih di segel, garansi resmi, sesuai deskripsi",5
"mantap real dapet garansi tam ibox dan bener bener baru aktif garansinya makasih banyak min, walaupun sebelumnya sedikit kecewa karena pengiriman paketnya lambat dari seller tapi okelah tetep juara dengan kualitasnya. Mungkin next ditingkatkan lagi pengirimannya",5
"Barang sesuai deskripsi, barang new, garansi indonesia 1 th.. rekomended seller",5
"Rekomendasi kirim ke Pemalang pengiriman cepat, barang original asli garansi",5
Mantap. Seller terbaik. Hape kode PA dan garansi hidup sampai bulan Mei tahun depan dong. Joss,5
Barang Segel Original. Garansi Resmi. rekomendeh,5
Barang sampe pembeli dan ada kartu garansi. Cuma disayangkan jasa pengirimannya gak sesuai ekspektasi,5
"Barang sampe dengan aman, agak sedikit delay pengerimannya padahal saya pake SAMEDAY tapi nyampe 3 hari. But over all barang ok ORI garansi resmi indonesia.",5
Seller ramah fast respon harga dan garansi bagus banget toplah,5
"adminnya banyak, responsif semua. Respon dan pengiriman cepat cuma minta TAM ngga dapet. Thanks anyway",5
"barang aman, pengiriman lancar, garansi ada,
legit brand new plus gak ribet pas checkout",5
"So far ga ada masalah, garansi mya bener garansi Apple",5
"First time beli iphone via online, yang sempet ragu tapi berujung sangat puasass, makasih banyak seller yang mau ditanya tanya terus dan responsif, next kalau ada rezeki aku beli disini lagi…. 🤍",5
asli ada badaknyaaaaaaaaaaa,5
"barang ok, cuma sedikit kecewa awal nanya PA/A ready stock, kemudian waktu di proses seller bilang adanya ID/A dan ternyata yang dikirim SA/A. untuk proses pengiriman sesuai dengan apa yang kita pilih.",5
"Barang segel garansi resmi, pengiriman cepat",5
"Pengiriman sangat cepat, Iphone Original walaupun minta yg type PA/A tapi yg datang type SA/A
Tapi its oke tetap Original",5
"Barang masih segel, garansi resmi ibox 1 tahun, itemnya mulus dan sesuai request, pengiriman cepat, packing tebal, toko terpercaya, terima kasih",5
Paket sudah sampai dengan aman. Sukses untuk sellernya. Terima kasih,5
"Barang masih segel, garansi resmi. Mantap.",5
"Barang masih segel, ori aman lancar jaya semuanya. Top deh iSeller, adminnya fast respon👏🏻",5
"Kondisi barang aman, tidak lecet juga. sejauh ini dalam 1 minggu bisa digunakan dengan baik. Semoga kedepannya juga bagus terus.",5
"Barang sampai dengan aman. Qualitas barang nya sangat bagus, tidak ada kendala apapun ketika nge set up device nya. Admin nya pun melayani dengan amat sangat baik. 10/10 would buy in here again!",5
